<application>
  <component name="LocalDatabaseDriverManager" version="201">
    <driver id="elasticsearch">
      <artifact id="Elasticsearch" name="Elasticsearch" channel="fixed" rolling="false" use="true" version="7.10.2" />
    </driver>
    <driver id="mysql.8">
      <artifact />
      <library>
        <url>file://D:/Software/maven3.5/apache-maven-3.5.4/mvn-resp/mysql/mysql-connector-java/8.0.21/mysql-connector-java-8.0.21.jar</url>
      </library>
    </driver>
    <driver id="mysql">
      <artifact />
      <library>
        <url>file://D:/PowerNode/02 JavaWeb/jar/mysql-connector-java-5.1.7-bin.jar</url>
      </library>
    </driver>
    <driver id="redis">
      <artifact id="Redis" name="Redis" use="true" version="1.5" />
    </driver>
    <driver id="java.sql.Driver" name="SQL Driver 8.0.15" driver-class="java.sql.Driver">
      <library>
        <url>file://D:/PowerNode/02 JavaWeb/jar/mysql-connector-java-8.0.15_flyingmonkey.jar</url>
      </library>
    </driver>
  </component>
</application>