<application>
  <component name="dataSourceStorage" format="xml" multifile-model="true">
    <data-source source="LOCAL" name="MySQL" uuid="8787f3db-ff01-49f0-bd7a-c5decee7e612">
      <driver-ref>mysql.8</driver-ref>
      <synchronize>true</synchronize>
      <jdbc-driver>com.mysql.cj.jdbc.Driver</jdbc-driver>
      <jdbc-url>jdbc:mysql://localhost:3306/addressbook?serverTimezone=GMT%2B8</jdbc-url>
      <jdbc-additional-properties>
        <property name="com.intellij.clouds.kubernetes.db.host.port" />
        <property name="com.intellij.clouds.kubernetes.db.enabled" value="false" />
        <property name="com.intellij.clouds.kubernetes.db.resource.type" value="Deployment" />
        <property name="com.intellij.clouds.kubernetes.db.container.port" />
      </jdbc-additional-properties>
      <working-dir>$ProjectFileDir$</working-dir>
    </data-source>
    <data-source source="LOCAL" name="MySQL_8.0" uuid="1c6eae1b-e311-4ac4-9da3-8fb55104f111">
      <driver-ref>mysql.8</driver-ref>
      <synchronize>true</synchronize>
      <jdbc-driver>com.mysql.cj.jdbc.Driver</jdbc-driver>
      <jdbc-url>jdbc:mysql://localhost:3306/</jdbc-url>
      <jdbc-additional-properties>
        <property name="com.intellij.clouds.kubernetes.db.host.port" />
        <property name="com.intellij.clouds.kubernetes.db.enabled" value="false" />
        <property name="com.intellij.clouds.kubernetes.db.resource.type" value="Deployment" />
        <property name="com.intellij.clouds.kubernetes.db.container.port" />
      </jdbc-additional-properties>
      <working-dir>$ProjectFileDir$</working-dir>
      <driver-properties>
        <property name="serverTimezone" value="UTC" />
      </driver-properties>
    </data-source>
    <data-source source="LOCAL" name="bitfree_dev" uuid="2a8dfe2a-4c44-4b70-ad29-e76476d1ba3c">
      <driver-ref>mysql.8</driver-ref>
      <synchronize>true</synchronize>
      <jdbc-driver>com.mysql.cj.jdbc.Driver</jdbc-driver>
      <jdbc-url>jdbc:mysql://rm-wz99hc7z0q2izxu5jto.mysql.rds.aliyuncs.com:3306/bitfree_dev?useUnicode=true&amp;characterEncoding=UTF-8&amp;serverTimezone=Asia/Shanghai&amp;allowMultiQueries=true</jdbc-url>
      <jdbc-additional-properties>
        <property name="com.intellij.clouds.kubernetes.db.host.port" />
        <property name="com.intellij.clouds.kubernetes.db.enabled" value="false" />
        <property name="com.intellij.clouds.kubernetes.db.resource.type" value="Deployment" />
        <property name="com.intellij.clouds.kubernetes.db.container.port" />
      </jdbc-additional-properties>
      <working-dir>$ProjectFileDir$</working-dir>
    </data-source>
    <data-source source="LOCAL" name="rights_market_dev_1" uuid="ad7ecd7d-426e-47f3-be84-07e6c22aeede">
      <driver-ref>mysql.8</driver-ref>
      <synchronize>true</synchronize>
      <jdbc-driver>com.mysql.cj.jdbc.Driver</jdbc-driver>
      <jdbc-url>jdbc:mysql://10.3.99.86:3306/</jdbc-url>
      <jdbc-additional-properties>
        <property name="com.intellij.clouds.kubernetes.db.host.port" />
        <property name="com.intellij.clouds.kubernetes.db.enabled" value="false" />
        <property name="com.intellij.clouds.kubernetes.db.resource.type" value="Deployment" />
        <property name="com.intellij.clouds.kubernetes.db.container.port" />
      </jdbc-additional-properties>
      <working-dir>$ProjectFileDir$</working-dir>
      <driver-properties>
        <property name="serverTimezone" value="UTC" />
      </driver-properties>
    </data-source>
    <data-source source="LOCAL" name="rights_market_dev_0" uuid="93262a94-a4fa-4f9a-876e-419b8af352fe">
      <driver-ref>mysql.8</driver-ref>
      <synchronize>true</synchronize>
      <jdbc-driver>com.mysql.cj.jdbc.Driver</jdbc-driver>
      <jdbc-url>jdbc:mysql://10.3.99.86:3306/</jdbc-url>
      <jdbc-additional-properties>
        <property name="com.intellij.clouds.kubernetes.db.host.port" />
        <property name="com.intellij.clouds.kubernetes.db.enabled" value="false" />
        <property name="com.intellij.clouds.kubernetes.db.resource.type" value="Deployment" />
        <property name="com.intellij.clouds.kubernetes.db.container.port" />
      </jdbc-additional-properties>
      <working-dir>$ProjectFileDir$</working-dir>
      <driver-properties>
        <property name="serverTimezone" value="UTC" />
      </driver-properties>
    </data-source>
    <data-source source="LOCAL" name="rights_market_flow_2" uuid="ab22372b-5ac2-4e67-9bd3-7c9e7e3fac8d">
      <driver-ref>mysql.8</driver-ref>
      <synchronize>true</synchronize>
      <jdbc-driver>com.mysql.cj.jdbc.Driver</jdbc-driver>
      <jdbc-url>jdbc:mysql://10.3.99.86:3306/rights_market_flow</jdbc-url>
      <jdbc-additional-properties>
        <property name="com.intellij.clouds.kubernetes.db.host.port" />
        <property name="com.intellij.clouds.kubernetes.db.enabled" value="false" />
        <property name="com.intellij.clouds.kubernetes.db.resource.type" value="Deployment" />
        <property name="com.intellij.clouds.kubernetes.db.container.port" />
      </jdbc-additional-properties>
      <working-dir>$ProjectFileDir$</working-dir>
      <driver-properties>
        <property name="serverTimezone" value="UTC" />
      </driver-properties>
    </data-source>
    <data-source source="LOCAL" name="rights_market_dev_3" uuid="c7ab7dfd-d27c-458b-83cf-42a83e36c110">
      <driver-ref>mysql.8</driver-ref>
      <synchronize>true</synchronize>
      <jdbc-driver>com.mysql.cj.jdbc.Driver</jdbc-driver>
      <jdbc-url>jdbc:mysql://10.3.99.101:4000/rights_market?useSSL=false&amp;useUnicode=true&amp;characterEncoding=utf-8&amp;allowMultiQueries=true&amp;serverTimezone=Asia/Shanghai&amp;allowPublicKeyRetrieval=true</jdbc-url>
      <jdbc-additional-properties>
        <property name="com.intellij.clouds.kubernetes.db.host.port" />
        <property name="com.intellij.clouds.kubernetes.db.enabled" value="false" />
        <property name="com.intellij.clouds.kubernetes.db.resource.type" value="Deployment" />
        <property name="com.intellij.clouds.kubernetes.db.container.port" />
      </jdbc-additional-properties>
      <working-dir>$ProjectFileDir$</working-dir>
      <driver-properties>
        <property name="serverTimezone" value="UTC" />
      </driver-properties>
    </data-source>
    <data-source source="LOCAL" name="ElasticSearch" uuid="dd618e01-b60c-48aa-923e-4cff035ea2f3">
      <driver-ref>elasticsearch</driver-ref>
      <synchronize>true</synchronize>
      <jdbc-driver>org.elasticsearch.xpack.sql.jdbc.EsDriver</jdbc-driver>
      <jdbc-url>jdbc:es://10.3.99.94:9200/</jdbc-url>
      <working-dir>$ProjectFileDir$</working-dir>
    </data-source>
    <data-source source="LOCAL" name="cmos_notice_center" uuid="247599d9-5802-4ff2-9f5f-27c065e1d5a7">
      <driver-ref>mysql.8</driver-ref>
      <synchronize>true</synchronize>
      <jdbc-driver>com.mysql.cj.jdbc.Driver</jdbc-driver>
      <jdbc-url>jdbc:mysql://10.3.99.99:3306/cmos_notice_center?useSSL=false&amp;useUnicode=true&amp;characterEncoding=utf-8&amp;allowMultiQueries=true&amp;serverTimezone=Asia/Shanghai&amp;allowPublicKeyRetrieval=true</jdbc-url>
      <jdbc-additional-properties>
        <property name="com.intellij.clouds.kubernetes.db.host.port" />
        <property name="com.intellij.clouds.kubernetes.db.enabled" value="false" />
        <property name="com.intellij.clouds.kubernetes.db.resource.type" value="Deployment" />
        <property name="com.intellij.clouds.kubernetes.db.container.port" />
      </jdbc-additional-properties>
      <working-dir>$ProjectFileDir$</working-dir>
      <driver-properties>
        <property name="serverTimezone" value="UTC" />
      </driver-properties>
    </data-source>
  </component>
</application>