<application>
  <component name="easyJavadoc">
    <option name="author" value="Daryl" />
    <option name="kdocAuthor" value="Daryl" />
    <option name="kdocSimpleFieldDoc" value="true" />
    <option name="projectWordMap">
      <map>
        <entry key="SettlementDemo" />
        <entry key="SpringBootAssorted" />
        <entry key="manage" />
        <entry key="rights-market-backend" />
        <entry key="settlement-reconciliation-service" />
      </map>
    </option>
    <option name="simpleFieldDoc" value="true" />
  </component>
</application>