<application>
  <component name="FileTypeManager" version="19">
    <extensionMap>
      <mapping pattern="role-permissions" type="AUTO_DETECTED" />
      <mapping ext="bak" type="PLAIN_TEXT" />
      <removed_mapping ext="apk" approved="true" type="ARCHIVE" />
      <removed_mapping ext="es" approved="true" type="ActionScript" />
      <removed_mapping ext="psd" approved="true" type="Image" />
      <removed_mapping pattern="home.js" approved="true" type="AUTO_DETECTED" />
      <removed_mapping pattern="permission.sql" approved="true" type="AUTO_DETECTED" />
    </extensionMap>
  </component>
</application>