<application>
  <component name="LanguageInjectionConfiguration">
    <injection language="SQL" injector-id="java">
      <display-name>JDBI (org.jdbi.v3.core)</display-name>
      <ignore-pattern>&lt;[a-zA-Z0-9_]+&gt;</ignore-pattern>
      <single-file value="true" />
      <place><![CDATA[psiParameter().ofMethod(0, psiMethod().withName("add").withParameters("java.lang.String").definedInClass("org.jdbi.v3.core.statement.Batch"))]]></place>
      <place><![CDATA[psiParameter().ofMethod(0, psiMethod().withName("prepareBatch", "createQuery", "createCall", "createScript", "createUpdate").withParameters("java.lang.String").definedInClass("org.jdbi.v3.core.Handle"))]]></place>
      <place><![CDATA[psiParameter().ofMethod(0, psiMethod().withName("select", "execute").withParameterCount(2).definedInClass("org.jdbi.v3.core.Handle"))]]></place>
    </injection>
    <injection language="HQL" injector-id="java">
      <display-name>Session.createQuery (org.hibernate)</display-name>
      <single-file value="true" />
      <place><![CDATA[psiParameter().ofMethod(0, psiMethod().withName("createQuery").definedInClass("org.hibernate.Session"))]]></place>
      <place><![CDATA[psiParameter().ofMethod(0, psiMethod().withName("createQuery").definedInClass("org.hibernate.query.QueryProducer"))]]></place>
      <place><![CDATA[psiParameter().ofMethod(0, psiMethod().withName("createQuery").definedInClass("org.hibernate.reactive.mutiny.Mutiny.Session"))]]></place>
      <place><![CDATA[psiParameter().ofMethod(0, psiMethod().withName("createQuery").definedInClass("org.hibernate.reactive.mutiny.Mutiny.StatelessSession"))]]></place>
      <place><![CDATA[psiParameter().ofMethod(0, psiMethod().withName("createQuery").definedInClass("org.hibernate.reactive.stage.Stage.Session"))]]></place>
      <place><![CDATA[psiParameter().ofMethod(0, psiMethod().withName("createQuery").definedInClass("org.hibernate.reactive.stage.Stage.StatelessSession"))]]></place>
      <place><![CDATA[psiParameter().ofMethod(0, psiMethod().withName("createQuery", "createSelectionQuery", "createMutationQuery").definedInClass("org.hibernate.query.QueryProducer"))]]></place>
    </injection>
    <injection language="JSON" injector-id="sql">
      <display-name>Oracle JSON</display-name>
      <single-file value="true" />
      <place><![CDATA[sqlElement().forDialects("Oracle").functionArgument(0, -1, 1, sqlFunctionCall().name("json_array"))]]></place>
      <place><![CDATA[sqlElement().forDialects("Oracle").functionArgument(0, sqlFunctionCall().name("json_query", "json_value", "json_array_agg"))]]></place>
      <place><![CDATA[sqlElement().forDialects("Oracle").functionArgument(0, sqlFunctionCall().name("json_table"))]]></place>
      <place><![CDATA[sqlElement().forDialects("Oracle").functionArgument(1, -1, 2, sqlFunctionCall().name("json_object"))]]></place>
      <place><![CDATA[sqlElement().forDialects("Oracle").functionArgument(1, sqlFunctionCall().name("json_object_agg"))]]></place>
      <place><![CDATA[sqlExpression().forDialects("Oracle").functionArgument(0, -1, 1, sqlFunctionCall().name("json_object")).withNextMeaningfulSibling(leafTokens("format"), 0).withNextMeaningfulSibling(leafTokens("json"), 1)]]></place>
    </injection>
  </component>
</application>