<application>
  <component name="ProjectManager">
    <defaultProject>
      <component name="MavenImportPreferences">
        <option name="generalSettings">
          <MavenGeneralSettings>
            <option name="customMavenHome" value="D:/MyCodeProgram/MyPracticeProject/Software/apache-maven-3.6.1" />
            <option name="localRepository" value="D:\MyCodeProgram\MyPracticeProject\Software\apache-maven-3.6.1\mvn_resp" />
            <option name="mavenHomeTypeForPersistence" value="CUSTOM" />
            <option name="useMavenConfig" value="false" />
            <option name="userSettingsFile" value="D:\MyCodeProgram\MyPracticeProject\Software\apache-maven-3.6.1\conf\settings.xml" />
          </MavenGeneralSettings>
        </option>
      </component>
      <component name="ProjectViewState">
        <option name="hideEmptyMiddlePackages" value="true" />
        <option name="showExcludedFiles" value="false" />
        <option name="showLibraryContents" value="true" />
      </component>
      <component name="PropertiesComponent"><![CDATA[{
  "keyToString": {
    "settings.editor.selected.configurable": "MavenSettings"
  }
}]]></component>
      <component name="TaskManager">
        <task active="true" id="Default" summary="Default task">
          <created>1749194988688</created>
          <option name="number" value="Default" />
          <option name="presentableId" value="Default" />
          <updated>1749194988688</updated>
        </task>
        <servers />
      </component>
      <component name="WindowStateProjectService">
        <state x="183" y="0" key="SettingsEditor" timestamp="1749195000299">
          <screen x="0" y="0" width="1536" height="864" />
        </state>
        <state x="183" y="0" key="SettingsEditor/0.0.1536.864" timestamp="1749195000299" />
      </component>
      <component name="masterDetails">
        <states>
          <state key="ProjectJDKs.UI">
            <settings>
              <last-edited>1.8</last-edited>
              <splitter-proportions>
                <option name="proportions">
                  <list>
                    <option value="0.2" />
                  </list>
                </option>
              </splitter-proportions>
            </settings>
          </state>
        </states>
      </component>
    </defaultProject>
  </component>
</application>