<application>
  <component name="SonarLintGlobalSettings">
    <option name="autoTrigger" value="false" />
    <option name="focusOnNewCode" value="true" />
    <option name="nodejsPath" value="D:\Software\Node\node.exe" />
    <option name="secretsNeverBeenAnalysed" value="false" />
    <option name="sonarQubeServers">
      <list>
        <SonarQubeServer>
          <option name="hostUrl" value="https://sonar.tools.cmic.site" />
          <token>dfd9dfdbdfdfdff5df99dfcedf9edf9edfc9dfcbdfcedf9bdf92df92dfcedf9edf92dfcfdf9edf9adf9edf9fdf9adf98dfccdfc9df9cdf98df9fdfccdf9cdf9ddfccdf9bdf9fdf99dfcbdfc8dfcfdf9bdf99dfccdf98df98</token>
          <option name="name" value="settle-sonar" />
        </SonarQubeServer>
      </list>
    </option>
    <rules />
  </component>
</application>