<application>
  <component name="Trusted.Paths">
    <option name="TRUSTED_PROJECT_PATHS">
      <map>
        <entry key="D:\MyCodeProgram\MyPracticeProject\ProjectDevelopment\manage" value="true" />
        <entry key="D:\MyCodeProgram\MyPracticeProject\ProjectDevelopment\rights-market-backend" value="true" />
        <entry key="D:\MyCodeProgram\MyPracticeProject\ProjectDevelopment\settlement-reconciliation-service" value="true" />
        <entry key="D:\MyCodeProgram\MyPracticeProject\SettlementDemo" value="true" />
        <entry key="D:\MyCodeProgram\MyPracticeProject\SettlementDemo\LogDemo" value="true" />
        <entry key="D:\MyCodeProgram\MyPracticeProject\SettlementDemo\SettlementDemo" value="true" />
        <entry key="D:\MyCodeProgram\MyPracticeProject\SpringBootAssorted" value="true" />
        <entry key="D:\MyCodeProgram\ProjectDevelopment\collectioncenter-master" value="true" />
        <entry key="D:\MyCodeProgram\ProjectDevelopment\manage" value="true" />
        <entry key="D:\MyCodeProgram\ProjectDevelopment\rights-market-backend" value="true" />
        <entry key="D:\MyCodeProgram\ProjectDevelopment\sales-service-master" value="true" />
        <entry key="D:\MyCodeProgram\ProjectDevelopment\settlement-reconciliation-service" value="true" />
        <entry key="D:\MyCodeProgram\ProjectDevelopment\user-service-develop" value="true" />
        <entry key="D:\MyCodeProgram\ProjectDevelopment\workflow-service-develop" value="true" />
      </map>
    </option>
  </component>
</application>