<application>
  <component name="DimensionService">
    <location key="find.popup.0.0.1920.1080@150dpi" x="541" y="0" />
    <location key="find.popup.0.0.3840.2160@180dpi" x="1083" y="0" />
    <size key="GridCell.Tab.0.left.0.0.1920.1080@120dpi" width="1565" height="474" />
    <size key="GridCell.Tab.0.center.0.0.1920.1080@120dpi" width="1565" height="474" />
    <size key="GridCell.Tab.0.right.0.0.1920.1080@120dpi" width="1565" height="474" />
    <size key="GridCell.Tab.0.bottom.0.0.1920.1080@120dpi" width="1565" height="474" />
    <size key="GridCell.Tab.1.left.0.0.1920.1080@120dpi" width="1565" height="474" />
    <size key="GridCell.Tab.1.center.0.0.1920.1080@120dpi" width="1565" height="474" />
    <size key="GridCell.Tab.1.right.0.0.1920.1080@120dpi" width="1565" height="474" />
    <size key="GridCell.Tab.1.bottom.0.0.1920.1080@120dpi" width="1565" height="474" />
    <size key="GridCell.Tab.0.left.0.0.1920.1080@150dpi" width="1552" height="268" />
    <size key="GridCell.Tab.0.center.0.0.1920.1080@150dpi" width="1552" height="268" />
    <size key="GridCell.Tab.0.right.0.0.1920.1080@150dpi" width="1552" height="268" />
    <size key="GridCell.Tab.0.bottom.0.0.1920.1080@150dpi" width="1552" height="268" />
    <size key="GridCell.Tab.1.left.0.0.1920.1080@150dpi" width="1493" height="284" />
    <size key="GridCell.Tab.1.center.0.0.1920.1080@150dpi" width="1493" height="284" />
    <size key="GridCell.Tab.1.right.0.0.1920.1080@150dpi" width="1493" height="284" />
    <size key="GridCell.Tab.1.bottom.0.0.1920.1080@150dpi" width="1493" height="284" />
    <size key="GridCell.Tab.2.left.0.0.1920.1080@150dpi" width="1458" height="329" />
    <size key="GridCell.Tab.2.center.0.0.1920.1080@150dpi" width="1458" height="329" />
    <size key="GridCell.Tab.2.right.0.0.1920.1080@150dpi" width="1458" height="329" />
    <size key="GridCell.Tab.2.bottom.0.0.1920.1080@150dpi" width="1458" height="329" />
    <size key="GridCell.Tab.4.left.0.0.1920.1080@150dpi" width="1552" height="268" />
    <size key="GridCell.Tab.4.center.0.0.1920.1080@150dpi" width="1552" height="268" />
    <size key="GridCell.Tab.4.right.0.0.1920.1080@150dpi" width="1552" height="268" />
    <size key="GridCell.Tab.4.bottom.0.0.1920.1080@150dpi" width="1552" height="268" />
    <size key="GridCell.Tab.3.left.0.0.1920.1080@150dpi" width="1552" height="268" />
    <size key="GridCell.Tab.3.center.0.0.1920.1080@150dpi" width="1552" height="268" />
    <size key="GridCell.Tab.3.right.0.0.1920.1080@150dpi" width="1552" height="268" />
    <size key="GridCell.Tab.3.bottom.0.0.1920.1080@150dpi" width="1552" height="268" />
    <size key="GridCell.Tab.5.left.0.0.1920.1080@150dpi" width="1552" height="268" />
    <size key="GridCell.Tab.5.center.0.0.1920.1080@150dpi" width="1552" height="268" />
    <size key="GridCell.Tab.5.right.0.0.1920.1080@150dpi" width="1552" height="268" />
    <size key="GridCell.Tab.5.bottom.0.0.1920.1080@150dpi" width="1552" height="268" />
    <size key="GridCell.Tab.0.left.0.0.3840.2160@180dpi" width="3336" height="1143" />
    <size key="GridCell.Tab.0.center.0.0.3840.2160@180dpi" width="3336" height="1143" />
    <size key="GridCell.Tab.0.right.0.0.3840.2160@180dpi" width="3336" height="1143" />
    <size key="GridCell.Tab.0.bottom.0.0.3840.2160@180dpi" width="3336" height="1143" />
    <size key="GridCell.Tab.1.left.0.0.3840.2160@180dpi" width="3336" height="1143" />
    <size key="GridCell.Tab.1.center.0.0.3840.2160@180dpi" width="3336" height="1143" />
    <size key="GridCell.Tab.1.right.0.0.3840.2160@180dpi" width="3336" height="1143" />
    <size key="GridCell.Tab.1.bottom.0.0.3840.2160@180dpi" width="3336" height="1143" />
    <size key="GridCell.Tab.2.left.0.0.3840.2160@180dpi" width="3336" height="1143" />
    <size key="GridCell.Tab.2.center.0.0.3840.2160@180dpi" width="3336" height="1143" />
    <size key="GridCell.Tab.2.right.0.0.3840.2160@180dpi" width="3336" height="1143" />
    <size key="GridCell.Tab.2.bottom.0.0.3840.2160@180dpi" width="3336" height="1143" />
    <size key="GridCell.Tab.3.left.0.0.3840.2160@180dpi" width="3336" height="1143" />
    <size key="GridCell.Tab.3.center.0.0.3840.2160@180dpi" width="3336" height="1143" />
    <size key="GridCell.Tab.3.right.0.0.3840.2160@180dpi" width="3336" height="1143" />
    <size key="GridCell.Tab.3.bottom.0.0.3840.2160@180dpi" width="3336" height="1143" />
    <size key="GridCell.Tab.4.left.0.0.3840.2160@180dpi" width="3336" height="1143" />
    <size key="GridCell.Tab.4.center.0.0.3840.2160@180dpi" width="3336" height="1143" />
    <size key="GridCell.Tab.4.right.0.0.3840.2160@180dpi" width="3336" height="1143" />
    <size key="GridCell.Tab.4.bottom.0.0.3840.2160@180dpi" width="3336" height="1143" />
    <size key="GridCell.Tab.5.left.0.0.3840.2160@180dpi" width="3072" height="633" />
    <size key="GridCell.Tab.5.center.0.0.3840.2160@180dpi" width="3072" height="633" />
    <size key="GridCell.Tab.5.right.0.0.3840.2160@180dpi" width="3072" height="633" />
    <size key="GridCell.Tab.5.bottom.0.0.3840.2160@180dpi" width="3072" height="633" />
    <size key="find.popup.0.0.1920.1080@150dpi" width="1012" height="898" />
    <size key="find.popup.0.0.3840.2160@180dpi" width="2759" height="1875" />
  </component>
  <component name="WindowManager">
    <frame x="-11" y="-11" width="3863" height="2183" extendedState="6" />
  </component>
  <component name="WindowStateApplicationService">
    <state width="1042" height="137" key="ShowUsagesActions.dimensionServiceKey" timestamp="1758028845370">
      <screen x="0" y="0" width="2560" height="1440" />
    </state>
    <state width="1100" height="137" key="ShowUsagesActions.dimensionServiceKey/0.0.1536.864" timestamp="1755238691301" />
    <state width="1042" height="137" key="ShowUsagesActions.dimensionServiceKey/0.0.2560.1440" timestamp="1758028845370" />
    <state x="1279" y="705" width="1667" height="1355" key="WELCOME_SCREEN" timestamp="1755334435286">
      <screen x="0" y="0" width="2560" height="1440" />
    </state>
    <state x="768" y="423" width="1000" height="813" key="WELCOME_SCREEN/0.0.1536.864" timestamp="1755250160778" />
    <state x="1279" y="705" width="1667" height="1355" key="WELCOME_SCREEN/0.0.2560.1440" timestamp="1755334435286" />
  </component>
</application>